{
    "input_token_lengths": {
        "max": 337,
        "min": 5,
        "avg": 21.876,
        "median": 16,
        "mode": 13,
        "variance": 522.0046240000001,
        "std_dev": 22.847420510858555
    },
    "output_token_lengths": {
        "max": 464,
        "min": 1,
        "avg": 67.844,
        "median": 52,
        "mode": 8,
        "variance": 4468.087664,
        "std_dev": 66.84375560963043
    }
}